{
    "lower_spine": {
        "median": 181.0227513962584,
        "mean": 179.33380498669644,
        "standard_deviation": 15.502232285891097
    },
    "upper_spine": {
        "median": 181.0227513962585,
        "mean": 179.33380498669644,
        "standard_deviation": 15.502232285891099
    },
    "head": {
        "median": 146.28323495377197,
        "mean": 146.28061811103464,
        "standard_deviation": 18.182067237170305
    },
    "left_clavicle": {
        "median": 111.99779306004646,
        "mean": 109.51729325898377,
        "standard_deviation": 15.760533027239713
    },
    "left_upper_arm": {
        "median": 170.6432568217427,
        "mean": 181.00372918663555,
        "standard_deviation": 33.40990563716175
    },
    "left_forearm": {
        "median": 172.53175300416456,
        "mean": 165.61958939112344,
        "standard_deviation": 33.66150883332701
    },
    "left_hand": {
        "median": 43.44246752626303,
        "mean": 42.62982430879607,
        "standard_deviation": 12.055967311382028
    },
    "right_clavicle": {
        "median": 111.99779306004658,
        "mean": 109.51729325898377,
        "standard_deviation": 15.760533027239713
    },
    "right_upper_arm": {
        "median": 172.46387014241552,
        "mean": 169.67272491032577,
        "standard_deviation": 37.24780478033715
    },
    "right_forearm": {
        "median": 161.06973336925307,
        "mean": 155.5332815551493,
        "standard_deviation": 36.121022852990585
    },
    "right_hand": {
        "median": 50.6660524573791,
        "mean": 50.667463851377306,
        "standard_deviation": 9.746758841191603
    },
    "left_pelvis": {
        "median": 74.16420134010619,
        "mean": 72.73995347240852,
        "standard_deviation": 11.910561012228467
    },
    "left_thigh": {
        "median": 283.1747310178664,
        "mean": 261.53819239652574,
        "standard_deviation": 80.48637679182005
    },
    "left_calf": {
        "median": 267.5996677760697,
        "mean": 264.5041751138324,
        "standard_deviation": 42.323264176958
    },
    "left_foot": {
        "median": 69.34843789758162,
        "mean": 70.39102719529009,
        "standard_deviation": 12.998318689161863
    },
    "right_pelvis": {
        "median": 74.16420134010619,
        "mean": 72.73995347240852,
        "standard_deviation": 11.910561012228467
    },
    "right_thigh": {
        "median": 274.5564758704256,
        "mean": 252.2249313222567,
        "standard_deviation": 75.72546506256171
    },
    "right_calf": {
        "median": 282.66520507225914,
        "mean": 275.91109869068254,
        "standard_deviation": 44.701468049993615
    },
    "right_foot": {
        "median": 60.330732708000525,
        "mean": 58.738289478133524,
        "standard_deviation": 17.945599612212213
    }
}