{
    "lower_spine": {
        "median": 186.44508121106645,
        "mean": 185.56523741112346,
        "standard_deviation": 8.364948410295689
    },
    "upper_spine": {
        "median": 186.44508121106645,
        "mean": 185.56523741112346,
        "standard_deviation": 8.364948410295689
    },
    "head": {
        "median": 144.7306517134922,
        "mean": 144.74053586188774,
        "standard_deviation": 4.3725954886104414
    },
    "left_clavicle": {
        "median": 121.74751121181016,
        "mean": 121.39621943360272,
        "standard_deviation": 3.776773966500494
    },
    "left_upper_arm": {
        "median": 160.38475624663354,
        "mean": 159.29875351532803,
        "standard_deviation": 9.03671532979009
    },
    "left_forearm": {
        "median": 214.45014224929372,
        "mean": 210.0515606038938,
        "standard_deviation": 10.430341228687992
    },
    "left_hand": {
        "median": 43.48007528207122,
        "mean": 43.7758491569104,
        "standard_deviation": 4.103155282653599
    },
    "right_clavicle": {
        "median": 121.74751121181022,
        "mean": 121.39621943360272,
        "standard_deviation": 3.776773966500489
    },
    "right_upper_arm": {
        "median": 181.51827564555023,
        "mean": 183.67592256180492,
        "standard_deviation": 14.465409219522437
    },
    "right_forearm": {
        "median": 199.55697531134044,
        "mean": 195.65245619423442,
        "standard_deviation": 22.06091723036213
    },
    "right_hand": {
        "median": 62.974918452848684,
        "mean": 60.69412205781719,
        "standard_deviation": 11.295399284904807
    },
    "left_pelvis": {
        "median": 79.97808252261356,
        "mean": 79.22346202160067,
        "standard_deviation": 3.069117958395742
    },
    "left_thigh": {
        "median": 304.6802893739667,
        "mean": 302.3271237741015,
        "standard_deviation": 15.580213407472746
    },
    "left_calf": {
        "median": 295.5900815915261,
        "mean": 297.28984692359785,
        "standard_deviation": 20.58193763823915
    },
    "left_foot": {
        "median": 82.45731724301682,
        "mean": 79.43954654075027,
        "standard_deviation": 9.05222179336856
    },
    "right_pelvis": {
        "median": 79.97808252261356,
        "mean": 79.22346202160065,
        "standard_deviation": 3.0691179583957537
    },
    "right_thigh": {
        "median": 304.7760915898657,
        "mean": 299.79531006634875,
        "standard_deviation": 15.723410773636049
    },
    "right_calf": {
        "median": 295.7514295495768,
        "mean": 297.89310672766464,
        "standard_deviation": 16.279456963493953
    },
    "right_foot": {
        "median": 68.11881538856957,
        "mean": 67.74917188150327,
        "standard_deviation": 5.627617593791544
    }
}