{
    "lower_spine": {
        "median": 152.23623601471618,
        "mean": 152.87735041075075,
        "standard_deviation": 10.40576602686119
    },
    "upper_spine": {
        "median": 152.2362360147162,
        "mean": 152.87735041075075,
        "standard_deviation": 10.40576602686119
    },
    "head": {
        "median": 119.20151309980054,
        "mean": 118.37598636050468,
        "standard_deviation": 14.452684346443057
    },
    "left_clavicle": {
        "median": 105.82586009726396,
        "mean": 106.49437169773176,
        "standard_deviation": 11.399871369721577
    },
    "left_upper_arm": {
        "median": 136.81189103172318,
        "mean": 140.2277315852726,
        "standard_deviation": 22.63918721928287
    },
    "left_forearm": {
        "median": 149.2707022321914,
        "mean": 151.27602007371863,
        "standard_deviation": 19.985673929348213
    },
    "left_hand": {
        "median": 49.7753492573876,
        "mean": 49.791843712180224,
        "standard_deviation": 11.11775020592684
    },
    "right_clavicle": {
        "median": 105.82586009726393,
        "mean": 106.49437169773176,
        "standard_deviation": 11.39987136972158
    },
    "right_upper_arm": {
        "median": 129.6664130365089,
        "mean": 131.30628303098854,
        "standard_deviation": 33.64172329527589
    },
    "right_forearm": {
        "median": 143.55864178239858,
        "mean": 138.1873336679815,
        "standard_deviation": 21.50036726351752
    },
    "right_hand": {
        "median": 44.71340905111937,
        "mean": 43.605897519533784,
        "standard_deviation": 8.354070839503246
    },
    "left_pelvis": {
        "median": 68.33269019254061,
        "mean": 68.41814474898588,
        "standard_deviation": 4.7338576876253775
    },
    "left_thigh": {
        "median": 271.8976331076508,
        "mean": 257.0699605593698,
        "standard_deviation": 47.002440923776405
    },
    "left_calf": {
        "median": 244.5088149223278,
        "mean": 237.16901960287748,
        "standard_deviation": 24.218421529371287
    },
    "left_foot": {
        "median": 56.898539465181074,
        "mean": 57.70228633387507,
        "standard_deviation": 7.15901700629406
    },
    "right_pelvis": {
        "median": 68.33269019254061,
        "mean": 68.41814474898588,
        "standard_deviation": 4.733857687625376
    },
    "right_thigh": {
        "median": 234.71184939800693,
        "mean": 225.10218583287144,
        "standard_deviation": 46.134761139143514
    },
    "right_calf": {
        "median": 249.75331750591957,
        "mean": 245.08224264136857,
        "standard_deviation": 24.23222407218153
    },
    "right_foot": {
        "median": 59.08841165169794,
        "mean": 58.288715454296415,
        "standard_deviation": 7.795116039259795
    }
}